﻿{
	//General
	"mod.name" : "Fishing Assistant",
	"mod.status.enable" : "Aktiviert",
	"mod.status.disable" : "Deaktiviert",

	//HUD messages
	"hud.message.mod.toggle" : "{0} Fishing Assistant.",
	"hud.message.cast.power" : "{0} Max. Wurfkraft.",
	"hud.message.catch.treasure" : "{0} Schatz sammeln.",
	"hud.message.request.disable" : "Mod wird nach dieser Aktion deaktiviert.",
	"hud.message.force.enable" : "Drücke {0} erneut, um Aktivierung zu erzwingen.",
	"hud.message.low.stamina" : "Geringe Energie.",
	"hud.message.inventory.full" : "Inventar voll.",
	"hud.message.auto.disable" : "Auto Mod-Abschaltung an {0}",
	"hud.message.config.saved" : "Speichere neue Konfiguration",

	//Config Menu
	"config.menu.header.control": "Steuerung",
	"config.menu.button.toggle.mod": "Mod Durchschalten Taste",
	"config.menu.button.max.cast.power": "Wurfkraft Taste",
	"config.menu.button.catch.treasure": "Schatz sammeln Taste",
	"config.menu.button.open.menu": "Menü öffnen Taste",
	"config.menu.reset.control": "Zurücksetzen",
	"config.menu.press-new-key": "Drücke neue Taste...",

	"config.menu.header.general": "Allgemein",
	"config.menu.mod.status.position": "Mod-Status Position",
	"config.menu.enable.auto.pause.fishing": "Auto-Pause beim Fischen aktivieren",
	"config.menu.pause.fishing.time": "Fangzeit pausieren",

	"config.menu.header.fishing.rod": "Angel",
	"config.menu.label.infinite.bait": "Unendlich Wurm-Köder",
	"config.menu.label.infinite.tackle": "Unendlich Spezial-Köder",

	"config.menu.header.mini-game": "Fischen Mini-Game",
	"config.menu.label.always.perfect": "Immer Perfekt",
	"config.menu.label.always.catch.double": "Immer doppelten Fisch fangen",
	"config.menu.label.always.treasure": "Immer Schatz finden",
	"config.menu.label.instant.fishbite": "Sofortiger Anbiss der Fische",
	"config.menu.label.instant.catch.fish": "Sofortiges Fangen der Fische",
	"config.menu.label.instant.catch.treasure": "Sofortiges Schatz sammeln",
	"config.menu.label.fish.difficulty.multiplier": "Fisch-Schwierigkeitsmultiplikator",
	"config.menu.label.fish.difficulty.additive": "Fisch-Schwierigkeitszusatz",
	"config.menu.description.fish.difficulty": "Ein anderer Wert als dieser kann in der Konfigurationsdatei eingestellt werden.",
	"config.menu.description.android-config-note": "Du kannst die On-Screen-Tasten in den Konfigurationsdateien für die Mods Fishing Assistant und Virtual Keyboard ändern.",

	"config.menu.header.fish.info": "Angel-Informationen",
	"config.menu.label.fishinfo.display.position": "Fischinfo Position",
	"config.menu.label.show.fish.name": "Zeige Fischnamen",
	"config.menu.label.show.treasure": "Zeige Schatz",
	"config.menu.label.show.uncaught.fish": "Zeige ungefangenen Fisch",
	"config.menu.label.show.legendaly.fish": "Zeige legendären Fisch",
}
